{
    "9476002322159": {
        "text": "Respon",
        "from": "uf67556f495dfa762e2e6aea42bd4d68f",
        "createdTime": 1552007525365,
        "contentType": 0,
        "contentMetadata": {}
    },
    "9476002327164": {
        "text": "✴ᥣᵋᵅᵝᵒᵗᤰᤈᤌѴᶟᣴᶳᶦᶱᶯᤰᤈᤌ✴ 1 ƽƭɑƴ ɪո Ʀơơɱ",
        "from": "uecd353685697886214f3920d690268e3",
        "createdTime": 1552007525423,
        "contentType": 0,
        "contentMetadata": {}
    },
    "9476002325645": {
        "text": "✴ᥣᵋᵅᵝᵒᵗᤰᤈᤌѴᶟᣴᶳᶦᶱᶯᤰᤈᤌ✴ 2 ƽƭɑƴ ɪո Ʀơơɱ",
        "from": "ud654c606a7c63959b4b62d2a0657e283",
        "createdTime": 1552007525430,
        "contentType": 0,
        "contentMetadata": {}
    },
    "9476002326621": {
        "text": "✴ᥣᵋᵅᵝᵒᵗᤰᤈᤌѴᶟᣴᶳᶦᶱᶯᤰᤈᤌ✴ 3 ƽƭɑƴ ɪո Ʀơơɱ",
        "from": "u6b199e5ad669b3415706875aa548284c",
        "createdTime": 1552007525439,
        "contentType": 0,
        "contentMetadata": {}
    },
    "9476002324833": {
        "text": "✴ᥣᵋᵅᵝᵒᵗᤰᤈᤌѴᶟᣴᶳᶦᶱᶯᤰᤈᤌ✴ 4 ƽƭɑƴ ɪո Ʀơơɱ",
        "from": "uc545ff2a4e9b184ea3e5a197d9294dfe",
        "createdTime": 1552007525448,
        "contentType": 0,
        "contentMetadata": {}
    },
    "9476002321331": {
        "text": "✴ᥣᵋᵅᵝᵒᵗᤰᤈᤌѴᶟᣴᶳᶦᶱᶯᤰᤈᤌ✴ 1 ƽƭɑƴ ɪո Ʀơơɱ",
        "from": "u2504ec1a7095a315a0a8e67e15eaa62f",
        "createdTime": 1552007525456,
        "contentType": 0,
        "contentMetadata": {}
    },
    "9476003708029": {
        "text": "Menu",
        "from": "uf67556f495dfa762e2e6aea42bd4d68f",
        "createdTime": 1552007547584,
        "contentType": 0,
        "contentMetadata": {}
    },
    "9476005257634": {
        "text": "all1 out",
        "from": "uf67556f495dfa762e2e6aea42bd4d68f",
        "createdTime": 1552007572545,
        "contentType": 0,
        "contentMetadata": {}
    },
    "9476005588624": {
        "text": "All out",
        "from": "uf67556f495dfa762e2e6aea42bd4d68f",
        "createdTime": 1552007577825,
        "contentType": 0,
        "contentMetadata": {}
    },
    "9476005586409": {
        "text": "強がるな、だから貴様は倒れているんのだ 😘 room test",
        "from": "uecd353685697886214f3920d690268e3",
        "createdTime": 1552007577911,
        "contentType": 0,
        "contentMetadata": {}
    },
    "9476005821552": {
        "text": "All in",
        "from": "uf67556f495dfa762e2e6aea42bd4d68f",
        "createdTime": 1552007581585,
        "contentType": 0,
        "contentMetadata": {}
    },
    "9476006479996": {
        "text": "Ajs join",
        "from": "uf67556f495dfa762e2e6aea42bd4d68f",
        "createdTime": 1552007592065,
        "contentType": 0,
        "contentMetadata": {}
    },
    "9476006818635": {
        "text": "Ajs bye",
        "from": "uf67556f495dfa762e2e6aea42bd4d68f",
        "createdTime": 1552007597495,
        "contentType": 0,
        "contentMetadata": {}
    },
    "9476006811336": {
        "text": "see u member room test",
        "from": "u81df53a6264ef0c682596643d9c65311",
        "createdTime": 1552007597564,
        "contentType": 0,
        "contentMetadata": {}
    },
    "9476007152219": {
        "text": "Check",
        "from": "uf67556f495dfa762e2e6aea42bd4d68f",
        "createdTime": 1552007602865,
        "contentType": 0,
        "contentMetadata": {}
    },
    "9476007857534": {
        "text": "Respon",
        "from": "uf67556f495dfa762e2e6aea42bd4d68f",
        "createdTime": 1552007614225,
        "contentType": 0,
        "contentMetadata": {}
    },
    "9476007861710": {
        "text": "✴ᥣᵋᵅᵝᵒᵗᤰᤈᤌѴᶟᣴᶳᶦᶱᶯᤰᤈᤌ✴ 1 ƽƭɑƴ ɪո Ʀơơɱ",
        "from": "uecd353685697886214f3920d690268e3",
        "createdTime": 1552007614309,
        "contentType": 0,
        "contentMetadata": {}
    },
    "9476007862940": {
        "text": "✴ᥣᵋᵅᵝᵒᵗᤰᤈᤌѴᶟᣴᶳᶦᶱᶯᤰᤈᤌ✴ 2 ƽƭɑƴ ɪո Ʀơơɱ",
        "from": "ud654c606a7c63959b4b62d2a0657e283",
        "createdTime": 1552007614320,
        "contentType": 0,
        "contentMetadata": {}
    },
    "9476007857320": {
        "text": "✴ᥣᵋᵅᵝᵒᵗᤰᤈᤌѴᶟᣴᶳᶦᶱᶯᤰᤈᤌ✴ 3 ƽƭɑƴ ɪո Ʀơơɱ",
        "from": "u6b199e5ad669b3415706875aa548284c",
        "createdTime": 1552007614331,
        "contentType": 0,
        "contentMetadata": {}
    },
    "9476007858901": {
        "text": "✴ᥣᵋᵅᵝᵒᵗᤰᤈᤌѴᶟᣴᶳᶦᶱᶯᤰᤈᤌ✴ 4 ƽƭɑƴ ɪո Ʀơơɱ",
        "from": "uc545ff2a4e9b184ea3e5a197d9294dfe",
        "createdTime": 1552007614342,
        "contentType": 0,
        "contentMetadata": {}
    },
    "9476007861457": {
        "text": "✴ᥣᵋᵅᵝᵒᵗᤰᤈᤌѴᶟᣴᶳᶦᶱᶯᤰᤈᤌ✴ 1 ƽƭɑƴ ɪո Ʀơơɱ",
        "from": "u2504ec1a7095a315a0a8e67e15eaa62f",
        "createdTime": 1552007614353,
        "contentType": 0,
        "contentMetadata": {}
    },
    "9476008376511": {
        "text": ".sp",
        "from": "uf67556f495dfa762e2e6aea42bd4d68f",
        "createdTime": 1552007622599,
        "contentType": 0,
        "contentMetadata": {}
    },
    "9476008374898": {
        "text": "0.01069021224975586 s",
        "from": "uecd353685697886214f3920d690268e3",
        "createdTime": 1552007622694,
        "contentType": 0,
        "contentMetadata": {}
    },
    "9476008372950": {
        "text": "0.007142782211303711 s",
        "from": "ud654c606a7c63959b4b62d2a0657e283",
        "createdTime": 1552007622713,
        "contentType": 0,
        "contentMetadata": {}
    },
    "9476008380223": {
        "text": "0.007130622863769531 ",
        "from": "u6b199e5ad669b3415706875aa548284c",
        "createdTime": 1552007622732,
        "contentType": 0,
        "contentMetadata": {}
    },
    "9476008379539": {
        "text": "0.0069065093994140625 s",
        "from": "uc545ff2a4e9b184ea3e5a197d9294dfe",
        "createdTime": 1552007622751,
        "contentType": 0,
        "contentMetadata": {}
    },
    "9476008379142": {
        "text": "0.0066950321197509766 s",
        "from": "u2504ec1a7095a315a0a8e67e15eaa62f",
        "createdTime": 1552007622769,
        "contentType": 0,
        "contentMetadata": {}
    },
    "9476008593689": {
        "text": ".sp",
        "from": "uf67556f495dfa762e2e6aea42bd4d68f",
        "createdTime": 1552007626184,
        "contentType": 0,
        "contentMetadata": {}
    },
    "9476008598594": {
        "text": "0.007686138153076172 s",
        "from": "uecd353685697886214f3920d690268e3",
        "createdTime": 1552007626275,
        "contentType": 0,
        "contentMetadata": {}
    },
    "9476008599968": {
        "text": "0.006573677062988281 s",
        "from": "ud654c606a7c63959b4b62d2a0657e283",
        "createdTime": 1552007626294,
        "contentType": 0,
        "contentMetadata": {}
    },
    "9476008603936": {
        "text": "0.007181406021118164 ",
        "from": "u6b199e5ad669b3415706875aa548284c",
        "createdTime": 1552007626311,
        "contentType": 0,
        "contentMetadata": {}
    },
    "9476008599523": {
        "text": "0.006622314453125 s",
        "from": "uc545ff2a4e9b184ea3e5a197d9294dfe",
        "createdTime": 1552007626329,
        "contentType": 0,
        "contentMetadata": {}
    },
    "9476008608189": {
        "text": "0.006706714630126953 s",
        "from": "u2504ec1a7095a315a0a8e67e15eaa62f",
        "createdTime": 1552007626346,
        "contentType": 0,
        "contentMetadata": {}
    },
    "9476008841071": {
        "text": ".sp",
        "from": "uf67556f495dfa762e2e6aea42bd4d68f",
        "createdTime": 1552007630075,
        "contentType": 0,
        "contentMetadata": {}
    },
    "9476008837525": {
        "text": "0.006800413131713867 s",
        "from": "uecd353685697886214f3920d690268e3",
        "createdTime": 1552007630160,
        "contentType": 0,
        "contentMetadata": {}
    },
    "9476008835270": {
        "text": "0.00701451301574707 s",
        "from": "ud654c606a7c63959b4b62d2a0657e283",
        "createdTime": 1552007630177,
        "contentType": 0,
        "contentMetadata": {}
    },
    "9476008844319": {
        "text": "0.007027864456176758 ",
        "from": "u6b199e5ad669b3415706875aa548284c",
        "createdTime": 1552007630195,
        "contentType": 0,
        "contentMetadata": {}
    },
    "9476008842168": {
        "text": "0.006956815719604492 s",
        "from": "uc545ff2a4e9b184ea3e5a197d9294dfe",
        "createdTime": 1552007630213,
        "contentType": 0,
        "contentMetadata": {}
    },
    "9476008840873": {
        "text": "0.007391691207885742 s",
        "from": "u2504ec1a7095a315a0a8e67e15eaa62f",
        "createdTime": 1552007630233,
        "contentType": 0,
        "contentMetadata": {}
    },
    "9476009071818": {
        "text": ".sp",
        "from": "uf67556f495dfa762e2e6aea42bd4d68f",
        "createdTime": 1552007633917,
        "contentType": 0,
        "contentMetadata": {}
    },
    "9476009073345": {
        "text": "0.0068302154541015625 s",
        "from": "uecd353685697886214f3920d690268e3",
        "createdTime": 1552007634001,
        "contentType": 0,
        "contentMetadata": {}
    },
    "9476009076052": {
        "text": "0.0065691471099853516 s",
        "from": "ud654c606a7c63959b4b62d2a0657e283",
        "createdTime": 1552007634019,
        "contentType": 0,
        "contentMetadata": {}
    },
    "9476009079717": {
        "text": "0.006821632385253906 ",
        "from": "u6b199e5ad669b3415706875aa548284c",
        "createdTime": 1552007634036,
        "contentType": 0,
        "contentMetadata": {}
    },
    "9476009086382": {
        "text": "0.0070955753326416016 s",
        "from": "uc545ff2a4e9b184ea3e5a197d9294dfe",
        "createdTime": 1552007634054,
        "contentType": 0,
        "contentMetadata": {}
    },
    "9476009086832": {
        "text": "0.0069370269775390625 s",
        "from": "u2504ec1a7095a315a0a8e67e15eaa62f",
        "createdTime": 1552007634072,
        "contentType": 0,
        "contentMetadata": {}
    },
    "9476009385265": {
        "text": ".sp",
        "from": "uf67556f495dfa762e2e6aea42bd4d68f",
        "createdTime": 1552007638953,
        "contentType": 0,
        "contentMetadata": {}
    },
    "9476009395902": {
        "text": "0.007261037826538086 s",
        "from": "uecd353685697886214f3920d690268e3",
        "createdTime": 1552007639046,
        "contentType": 0,
        "contentMetadata": {}
    },
    "9476009394814": {
        "text": "0.0072214603424072266 s",
        "from": "ud654c606a7c63959b4b62d2a0657e283",
        "createdTime": 1552007639064,
        "contentType": 0,
        "contentMetadata": {}
    },
    "9476009399471": {
        "text": "0.009683847427368164 ",
        "from": "u6b199e5ad669b3415706875aa548284c",
        "createdTime": 1552007639085,
        "contentType": 0,
        "contentMetadata": {}
    },
    "9476009392566": {
        "text": "0.006727695465087891 s",
        "from": "uc545ff2a4e9b184ea3e5a197d9294dfe",
        "createdTime": 1552007639103,
        "contentType": 0,
        "contentMetadata": {}
    },
    "9476009402619": {
        "text": "0.0062444210052490234 s",
        "from": "u2504ec1a7095a315a0a8e67e15eaa62f",
        "createdTime": 1552007639120,
        "contentType": 0,
        "contentMetadata": {}
    },
    "9476009607406": {
        "text": ".sp",
        "from": "uf67556f495dfa762e2e6aea42bd4d68f",
        "createdTime": 1552007642393,
        "contentType": 0,
        "contentMetadata": {}
    },
    "9476009607886": {
        "text": "0.009200096130371094 s",
        "from": "uecd353685697886214f3920d690268e3",
        "createdTime": 1552007642485,
        "contentType": 0,
        "contentMetadata": {}
    },
    "9476009612428": {
        "text": "0.007237672805786133 s",
        "from": "ud654c606a7c63959b4b62d2a0657e283",
        "createdTime": 1552007642503,
        "contentType": 0,
        "contentMetadata": {}
    },
    "9476009604629": {
        "text": "0.0076901912689208984 ",
        "from": "u6b199e5ad669b3415706875aa548284c",
        "createdTime": 1552007642522,
        "contentType": 0,
        "contentMetadata": {}
    },
    "9476009607382": {
        "text": "0.006510496139526367 s",
        "from": "uc545ff2a4e9b184ea3e5a197d9294dfe",
        "createdTime": 1552007642543,
        "contentType": 0,
        "contentMetadata": {}
    },
    "9476009616555": {
        "text": "0.0067865848541259766 s",
        "from": "u2504ec1a7095a315a0a8e67e15eaa62f",
        "createdTime": 1552007642562,
        "contentType": 0,
        "contentMetadata": {}
    }
}