{"Bots": {}, "DPicture": {}, "LikeOn": false, "Maxlimit": 10, "Unsend": false, "ablacklist": false, "abots": false, "addadmin": false, "admin": {"uffee848dac047fbb488b58c14e9c2c03": true}, "autoAdd": false, "autoJoin": true, "autoJoinTicket": false, "autoRead": false, "cPicture": {}, "checkPost": false, "checkmid": false, "comment": "autoLike by : LeaBots-VersioN \n\n| READY RENT BOT:\n\n| PROTECTION BOT\n| SELF WAR BOT\n| SELF ONLY\n\n|  line.me/ti/p/~zie_rockstar  | ", "contact": false, "dblacklist": false, "dbots": false, "deladmin": false, "detectMention": false, "gPicture": {}, "intaPoint": {}, "keyCmd": "", "leaveMsg": {}, "leftmsg": "", "limit": 1, "maxlimit": 1, "mention": "", "message": "", "msgTag": "", "proCancel": {"c86d7762b1600ceacf83c606aaad6f046": true}, "proInvite": {"c86d7762b1600ceacf83c606aaad6f046": true}, "proKick": {"c86d7762b1600ceacf83c606aaad6f046": true}, "proqr": {"c86d7762b1600ceacf83c606aaad6f046": true}, "readMember": {}, "readPoint": {}, "sambutan": "", "selfbot": true, "siderMsg": "", "spamMsg": "", "sticker": false, "welcome": {}}