{
    "abots": false,
    "ablacklist": false,
    "addadmin": false,
    "autoAdd": false,
    "autoJoin": true,
    "autoRead": false,
    "autoJoinTicket": false,
    "contact": false,
    "checkmid": false,
    "checkPost": false,
    "detectMention": false,
    "dbots": false,
    "dblacklist": false,
    "deladmin": false,
    "keyCmd": "",
    "LikeOn": true,
    "selfbot": true,
    "sticker": false,
    "Unsend": false,
    "admin": {},
    "Bots": {},
    "comment": "autoLike by : LeaBots-VersioN \n\n| READY RENT BOT:\n\n| PROTECTION BOT\n| SELF WAR BOT\n| SELF ONLY\n\n|  line.me/ti/p/~zie_rockstar  | ",
    "cPicture": {},
    "DPicture": {},
    "gPicture": {},
    "group": {},
    "intaPoint": {},
    "limit": 1,
    "msgTag": "",
    "mention": "",
    "maxlimit": 1,
    "message": "",
    "leftmsg": "",
    "readPoint": {},
    "readMember": {},
    "leaveMsg": {},
    "proKick": {},
    "proCancel": {},
    "proqr": {},
    "proInvite": {},
    "spamMsg": "",
    "siderMsg": "",
    "welcome": {},
    "sambutan": ""
}