{
    "token": "u26f9522c6fc2ee7bd0fd8f75a94ff3e9:aWF0OiAxNTY3MzIzNTkwNzk1Cg==..Je/ShuveNrzkkE6PHtqjzwdjjaI=",
    "token2": "u8842d13cbaf6d5aeebadc6821c9ab2e7:aWF0OiAxNTY3MzIzNjk0NzM1Cg==..9E57bn/3Ih7Pe7m9vaLCXBlkxIA=",
    "token3": "u2cb3c682973677a1a839294ee481f81c:aWF0OiAxNTY3MzIzODgxNDI3Cg==..gjI10KI9SHgKihafbr2k7wvC+GM=",
    "token4": "u9cf0fd6ece9a96ba52b5bd2edac1f042:aWF0OiAxNTY3MzI0MTQxMjM0Cg==..FM2/IxDBqKQKjAQqEdqwo2J/Yv8=",
    "token5": "u379d85495a7d2fe80c054a2c3eac36c5:aWF0OiAxNTY3MzI0MjMyNDY1Cg==..YlTbl1KiV1MKnswvq4VTEkDFJUQ=",
    "token6": "ud9bb51cdafda1eea18e3cc75a93a00d7:aWF0OiAxNTY3MzI0MzMzODgyCg==..aKJHf6HNZLl0i1JIeZuLDEFB79s=",
    "token7": "u2e2705f24a4d49703caf2a0a6a9dcf3f:aWF0OiAxNTY3MzQzMDA0NjYxCg==..seuEecIh4LUSLvWiKp7Ng1vI+jU="
}